[
   {
      "id": "0",
      "hip": "0",
      "bf": null,
      "proper": "Sol",
      "ra": "0",
      "dec": "0",
      "dist": "0",
      "mag": "-26.7",
      "spect": "G2V"
   },
   {
      "id": "676",
      "hip": "677",
      "bf": "21Alp And",
      "proper": "Alpheratz",
      "ra": "0.139791",
      "dec": "29.090432",
      "dist": "29.7442",
      "mag": "2.07",
      "spect": "B9p"
   },
   {
      "id": "744",
      "hip": "746",
      "bf": "11Bet Cas",
      "proper": "Caph",
      "ra": "0.152887",
      "dec": "59.14978",
      "dist": "16.7842",
      "mag": "2.28",
      "spect": "F2III-IV"
   },
   {
      "id": "1065",
      "hip": "1067",
      "bf": "88Gam Peg",
      "proper": "Algenib",
      "ra": "0.220598",
      "dec": "15.183596",
      "dist": "120.048",
      "mag": "2.83",
      "spect": "B2IV"
   },
   {
      "id": "2076",
      "hip": "2081",
      "bf": "Alp Phe",
      "proper": "Ankaa",
      "ra": "0.438056",
      "dec": "-42.305981",
      "dist": "25.974",
      "mag": "2.4",
      "spect": "K0III..."
   },
   {
      "id": "3172",
      "hip": "3179",
      "bf": "18Alp Cas",
      "proper": "Shedir",
      "ra": "0.675116",
      "dec": "56.537331",
      "dist": "69.979",
      "mag": "2.24",
      "spect": "K0II-IIIvar"
   },
   {
      "id": "3413",
      "hip": "3419",
      "bf": "16Bet Cet",
      "proper": "Diphda",
      "ra": "0.72649",
      "dec": "-17.986605",
      "dist": "29.5334",
      "mag": "2.04",
      "spect": "K0III"
   },
   {
      "id": "3759",
      "hip": "3765",
      "bf": null,
      "proper": "96 G. Psc",
      "ra": "0.806382",
      "dec": "5.280615",
      "dist": "7.4549",
      "mag": "5.74",
      "spect": "K2V"
   },
   {
      "id": "3820",
      "hip": "3829",
      "bf": null,
      "proper": "Van Maanen's Star",
      "ra": "0.819416",
      "dec": "5.38861",
      "dist": "4.2626",
      "mag": "12.37",
      "spect": "DG"
   },
   {
      "id": "4417",
      "hip": "4427",
      "bf": "27Gam Cas",
      "proper": "Cih",
      "ra": "0.945143",
      "dec": "60.71674",
      "dist": "168.3502",
      "mag": "2.15",
      "spect": "B0IV:evar"
   },
   {
      "id": "5436",
      "hip": "5447",
      "bf": "43Bet And",
      "proper": "Mirach",
      "ra": "1.162194",
      "dec": "35.620558",
      "dist": "60.5327",
      "mag": "2.07",
      "spect": "M0IIIvar"
   },
   {
      "id": "6672",
      "hip": "6686",
      "bf": "37Del Cas",
      "proper": "Ruchbah",
      "ra": "1.430216",
      "dec": "60.235283",
      "dist": "30.4785",
      "mag": "2.66",
      "spect": "A5Vv SB"
   },
   {
      "id": "7574",
      "hip": "7588",
      "bf": "Alp Eri",
      "proper": "Achernar",
      "ra": "1.628556",
      "dec": "-57.236757",
      "dist": "42.7533",
      "mag": "0.45",
      "spect": "B3Vp"
   },
   {
      "id": "8884",
      "hip": "8903",
      "bf": "6Bet Ari",
      "proper": "Sheratan",
      "ra": "1.910668",
      "dec": "20.808035",
      "dist": "17.9856",
      "mag": "2.64",
      "spect": "A5V..."
   },
   {
      "id": "9618",
      "hip": "9640",
      "bf": "57Gam1And",
      "proper": "Almaak",
      "ra": "2.064984",
      "dec": "42.329725",
      "dist": "120.4819",
      "mag": "2.1",
      "spect": "B8V"
   },
   {
      "id": "9861",
      "hip": "9884",
      "bf": "13Alp Ari",
      "proper": "Hamal",
      "ra": "2.119555",
      "dec": "23.462423",
      "dist": "20.1776",
      "mag": "2.01",
      "spect": "K2III"
   },
   {
      "id": "10800",
      "hip": "10826",
      "bf": "68Omi Cet",
      "proper": "Mira",
      "ra": "2.322442",
      "dec": "-2.977643",
      "dist": "91.659",
      "mag": "6.47",
      "spect": "M5e-M9e"
   },
   {
      "id": "11734",
      "hip": "11767",
      "bf": "1Alp UMi",
      "proper": "Polaris",
      "ra": "2.52975",
      "dec": "89.264109",
      "dist": "132.626",
      "mag": "1.97",
      "spect": "F7:Ib-IIv SB"
   },
   {
      "id": "12082",
      "hip": "12114",
      "bf": null,
      "proper": "268 G. Cet",
      "ra": "2.601357",
      "dec": "6.88687",
      "dist": "7.1803",
      "mag": "5.79",
      "spect": "K3V"
   },
   {
      "id": "13813",
      "hip": "13847",
      "bf": "The1Eri",
      "proper": "Acamar",
      "ra": "2.971023",
      "dec": "-40.304672",
      "dist": "49.4315",
      "mag": "2.88",
      "spect": "A4III+..."
   },
   {
      "id": "14100",
      "hip": "14135",
      "bf": "92Alp Cet",
      "proper": "Menkar",
      "ra": "3.037992",
      "dec": "4.089734",
      "dist": "76.3942",
      "mag": "2.54",
      "spect": "M2III"
   },
   {
      "id": "14540",
      "hip": "14576",
      "bf": "26Bet Per",
      "proper": "Algol",
      "ra": "3.136148",
      "dec": "40.955648",
      "dist": "27.571",
      "mag": "2.09",
      "spect": "B8V"
   },
   {
      "id": "15471",
      "hip": "15510",
      "bf": null,
      "proper": "82 G. Eri",
      "ra": "3.331944",
      "dec": "-43.069784",
      "dist": "6.0434",
      "mag": "4.26",
      "spect": "G8V"
   },
   {
      "id": "15824",
      "hip": "15863",
      "bf": "33Alp Per",
      "proper": "Mirphak",
      "ra": "3.405378",
      "dec": "49.86118",
      "dist": "155.2795",
      "mag": "1.79",
      "spect": "F5Ib"
   },
   {
      "id": "17661",
      "hip": "17702",
      "bf": "25Eta Tau",
      "proper": "Alcyone",
      "ra": "3.79141",
      "dec": "24.105137",
      "dist": "123.6094",
      "mag": "2.85",
      "spect": "B7III"
   },
   {
      "id": "18497",
      "hip": "18543",
      "bf": "34Gam Eri",
      "proper": "Zaurak",
      "ra": "3.967157",
      "dec": "-13.508515",
      "dist": "62.3441",
      "mag": "2.97",
      "spect": "M1IIIb Ca-1"
   },
   {
      "id": "21368",
      "hip": "21421",
      "bf": "87Alp Tau",
      "proper": "Aldebaran",
      "ra": "4.598677",
      "dec": "16.509301",
      "dist": "20.4332",
      "mag": "0.87",
      "spect": "K5III"
   },
   {
      "id": "22961",
      "hip": "23015",
      "bf": "3Iot Aur",
      "proper": "Hassaleh",
      "ra": "4.949894",
      "dec": "33.16609",
      "dist": "151.2859",
      "mag": "2.69",
      "spect": "K3IIvar"
   },
   {
      "id": "23820",
      "hip": "23875",
      "bf": "67Bet Eri",
      "proper": "Cursa",
      "ra": "5.130829",
      "dec": "-5.086446",
      "dist": "27.3973",
      "mag": "2.78",
      "spect": "A3IIIvar"
   },
   {
      "id": "24129",
      "hip": "24186",
      "bf": null,
      "proper": "Kapteyn's Star",
      "ra": "5.194169",
      "dec": "-45.018417",
      "dist": "3.9114",
      "mag": "8.86",
      "spect": "M0V"
   },
   {
      "id": "24378",
      "hip": "24436",
      "bf": "19Bet Ori",
      "proper": "Rigel",
      "ra": "5.242298",
      "dec": "-8.20164",
      "dist": "264.5503",
      "mag": "0.18",
      "spect": "B8Ia"
   },
   {
      "id": "24549",
      "hip": "24608",
      "bf": "13Alp Aur",
      "proper": "Capella",
      "ra": "5.27815",
      "dec": "45.997991",
      "dist": "13.1234",
      "mag": "0.08",
      "spect": "M1: comp"
   },
   {
      "id": "25273",
      "hip": "25336",
      "bf": "24Gam Ori",
      "proper": "Bellatrix",
      "ra": "5.418851",
      "dec": "6.349702",
      "dist": "77.3994",
      "mag": "1.64",
      "spect": "B2III"
   },
   {
      "id": "25364",
      "hip": "25428",
      "bf": "112Bet Tau",
      "proper": "Alnath",
      "ra": "5.438198",
      "dec": "28.60745",
      "dist": "41.0509",
      "mag": "1.65",
      "spect": "B7III"
   },
   {
      "id": "25542",
      "hip": "25606",
      "bf": "9Bet Lep",
      "proper": "Nihal",
      "ra": "5.470756",
      "dec": "-20.759441",
      "dist": "49.1642",
      "mag": "2.81",
      "spect": "G5II"
   },
   {
      "id": "25865",
      "hip": "25930",
      "bf": "34Del Ori",
      "proper": "Mintaka",
      "ra": "5.533445",
      "dec": "-0.299092",
      "dist": "212.3142",
      "mag": "2.25",
      "spect": "O9.5II"
   },
   {
      "id": "25920",
      "hip": "25985",
      "bf": "11Alp Lep",
      "proper": "Arneb",
      "ra": "5.545504",
      "dec": "-17.822289",
      "dist": "680.2721",
      "mag": "2.58",
      "spect": "F0Ib"
   },
   {
      "id": "26176",
      "hip": "26241",
      "bf": "44Iot Ori",
      "proper": "Hatsya",
      "ra": "5.590551",
      "dec": "-5.909901",
      "dist": "714.2857",
      "mag": "2.75",
      "spect": "O9III"
   },
   {
      "id": "26246",
      "hip": "26311",
      "bf": "46Eps Ori",
      "proper": "Alnilam",
      "ra": "5.603559",
      "dec": "-1.20192",
      "dist": "606.0606",
      "mag": "1.69",
      "spect": "B0Ia"
   },
   {
      "id": "26569",
      "hip": "26634",
      "bf": "Alp Col",
      "proper": "Phakt",
      "ra": "5.660817",
      "dec": "-34.074108",
      "dist": "80.1282",
      "mag": "2.65",
      "spect": "B7IV"
   },
   {
      "id": "26662",
      "hip": "26727",
      "bf": "50Zet Ori",
      "proper": "Alnitak",
      "ra": "5.679313",
      "dec": "-1.942572",
      "dist": "225.7336",
      "mag": "1.74",
      "spect": "O9.5Ib SB"
   },
   {
      "id": "27298",
      "hip": "27366",
      "bf": "53Kap Ori",
      "proper": "Saiph",
      "ra": "5.795941",
      "dec": "-9.669605",
      "dist": "198.4127",
      "mag": "2.07",
      "spect": "B0.5Iavar"
   },
   {
      "id": "27919",
      "hip": "27989",
      "bf": "58Alp Ori",
      "proper": "Betelgeuse",
      "ra": "5.919529",
      "dec": "7.407063",
      "dist": "152.6718",
      "mag": "0.45",
      "spect": "M2Ib"
   },
   {
      "id": "28288",
      "hip": "28360",
      "bf": "34Bet Aur",
      "proper": "Menkalinan",
      "ra": "5.992149",
      "dec": "44.947433",
      "dist": "24.8694",
      "mag": "1.9",
      "spect": "A2V"
   },
   {
      "id": "30016",
      "hip": "30089",
      "bf": null,
      "proper": "Red Rectangle",
      "ra": "6.332838",
      "dec": "-10.637414",
      "dist": "440.5286",
      "mag": "8.85",
      "spect": "B8"
   },
   {
      "id": "30251",
      "hip": "30324",
      "bf": "2Bet CMa",
      "proper": "Mirzam",
      "ra": "6.378329",
      "dec": "-17.955918",
      "dist": "151.0574",
      "mag": "1.98",
      "spect": "B1II\/III"
   },
   {
      "id": "30365",
      "hip": "30438",
      "bf": "Alp Car",
      "proper": "Canopus",
      "ra": "6.399195",
      "dec": "-52.69566",
      "dist": "94.7867",
      "mag": "-0.62",
      "spect": "F0Ib"
   },
   {
      "id": "31601",
      "hip": "31681",
      "bf": "24Gam Gem",
      "proper": "Alhena",
      "ra": "6.628528",
      "dec": "16.399252",
      "dist": "33.5121",
      "mag": "1.93",
      "spect": "A0IV"
   },
   {
      "id": "32263",
      "hip": "32349",
      "bf": "9Alp CMa",
      "proper": "Sirius",
      "ra": "6.752481",
      "dec": "-16.716116",
      "dist": "2.6371",
      "mag": "-1.44",
      "spect": "A0m..."
   },
   {
      "id": "33492",
      "hip": "33579",
      "bf": "21Eps CMa",
      "proper": "Adhara",
      "ra": "6.977097",
      "dec": "-28.972084",
      "dist": "124.2236",
      "mag": "1.5",
      "spect": "B2II"
   },
   {
      "id": "34354",
      "hip": "34444",
      "bf": "25Del CMa",
      "proper": "Wezen",
      "ra": "7.139857",
      "dec": "-26.3932",
      "dist": "492.6108",
      "mag": "1.83",
      "spect": "F8Ia"
   },
   {
      "id": "35806",
      "hip": "35904",
      "bf": "31Eta CMa",
      "proper": "Aludra",
      "ra": "7.401584",
      "dec": "-29.303104",
      "dist": "609.7561",
      "mag": "2.45",
      "spect": "B5Ia"
   },
   {
      "id": "36087",
      "hip": "36188",
      "bf": "3Bet CMi",
      "proper": "Gomeisa",
      "ra": "7.452512",
      "dec": "8.289315",
      "dist": "49.5786",
      "mag": "2.89",
      "spect": "B8Vvar"
   },
   {
      "id": "36107",
      "hip": "36208",
      "bf": null,
      "proper": "Luyten's Star",
      "ra": "7.456805",
      "dec": "5.225785",
      "dist": "3.8026",
      "mag": "9.84",
      "spect": "M5"
   },
   {
      "id": "36744",
      "hip": "36850",
      "bf": "66Alp Gem",
      "proper": "Castor",
      "ra": "7.576634",
      "dec": "31.888276",
      "dist": "15.5958",
      "mag": "1.58",
      "spect": "A2Vm"
   },
   {
      "id": "37173",
      "hip": "37279",
      "bf": "10Alp CMi",
      "proper": "Procyon",
      "ra": "7.655033",
      "dec": "5.224993",
      "dist": "3.5142",
      "mag": "0.4",
      "spect": "F5IV-V"
   },
   {
      "id": "37718",
      "hip": "37826",
      "bf": "78Bet Gem",
      "proper": "Pollux",
      "ra": "7.755277",
      "dec": "28.026199",
      "dist": "10.3584",
      "mag": "1.16",
      "spect": "K0IIIvar"
   },
   {
      "id": "39318",
      "hip": "39429",
      "bf": "Zet Pup",
      "proper": "Naos",
      "ra": "8.059737",
      "dec": "-40.003148",
      "dist": "332.2259",
      "mag": "2.21",
      "spect": "O5IAf"
   },
   {
      "id": "40921",
      "hip": "41037",
      "bf": "Eps Car",
      "proper": "Avior",
      "ra": "8.375236",
      "dec": "-59.509483",
      "dist": "185.5288",
      "mag": "1.86",
      "spect": "K3III+B2V"
   },
   {
      "id": "45106",
      "hip": "45238",
      "bf": "Bet Car",
      "proper": "Miaplacidus",
      "ra": "9.220041",
      "dec": "-69.717208",
      "dist": "34.6981",
      "mag": "1.67",
      "spect": "A2IV"
   },
   {
      "id": "45425",
      "hip": "45556",
      "bf": "Iot Car",
      "proper": "Tureis",
      "ra": "9.284838",
      "dec": "-59.275229",
      "dist": "234.7418",
      "mag": "2.21",
      "spect": "A8Ib"
   },
   {
      "id": "46259",
      "hip": "46390",
      "bf": "30Alp Hya",
      "proper": "Alphard",
      "ra": "9.45979",
      "dec": "-8.658603",
      "dist": "55.2792",
      "mag": "1.99",
      "spect": "K3III"
   },
   {
      "id": "47772",
      "hip": "47908",
      "bf": "17Eps Leo",
      "proper": "Ras Elased Australis",
      "ra": "9.764188",
      "dec": "23.774255",
      "dist": "75.643",
      "mag": "2.97",
      "spect": "G0II"
   },
   {
      "id": "49528",
      "hip": "49669",
      "bf": "32Alp Leo",
      "proper": "Regulus",
      "ra": "10.139532",
      "dec": "11.967207",
      "dist": "24.3132",
      "mag": "1.36",
      "spect": "B7V"
   },
   {
      "id": "50440",
      "hip": "50583",
      "bf": "41Gam1Leo",
      "proper": "Algieba",
      "ra": "10.332873",
      "dec": "19.841489",
      "dist": "39.8883",
      "mag": "2.01",
      "spect": "K0III"
   },
   {
      "id": "53754",
      "hip": "53910",
      "bf": "48Bet UMa",
      "proper": "Merak",
      "ra": "11.030677",
      "dec": "56.382427",
      "dist": "24.4499",
      "mag": "2.34",
      "spect": "A1V"
   },
   {
      "id": "53879",
      "hip": "54035",
      "bf": null,
      "proper": "Lalande 21185",
      "ra": "11.055632",
      "dec": "35.969877",
      "dist": "2.5469",
      "mag": "7.49",
      "spect": "M2V"
   },
   {
      "id": "53905",
      "hip": "54061",
      "bf": "50Alp UMa",
      "proper": "Dubhe",
      "ra": "11.062155",
      "dec": "61.751033",
      "dist": "37.679",
      "mag": "1.81",
      "spect": "F7V comp"
   },
   {
      "id": "54712",
      "hip": "54872",
      "bf": "68Del Leo",
      "proper": "Zosma",
      "ra": "11.235138",
      "dec": "20.523717",
      "dist": "17.9147",
      "mag": "2.56",
      "spect": "A4V"
   },
   {
      "id": "57459",
      "hip": "57632",
      "bf": "94Bet Leo",
      "proper": "Denebola",
      "ra": "11.817663",
      "dec": "14.57206",
      "dist": "10.9999",
      "mag": "2.14",
      "spect": "A3Vvar"
   },
   {
      "id": "57767",
      "hip": "57939",
      "bf": null,
      "proper": "Groombridge 1830",
      "ra": "11.88282",
      "dec": "37.718679",
      "dist": "9.0917",
      "mag": "6.42",
      "spect": "G8Vp"
   },
   {
      "id": "57828",
      "hip": "58001",
      "bf": "64Gam UMa",
      "proper": "Phad",
      "ra": "11.897168",
      "dec": "53.69476",
      "dist": "25.5037",
      "mag": "2.41",
      "spect": "A0V SB"
   },
   {
      "id": "59592",
      "hip": "59774",
      "bf": "69Del UMa",
      "proper": "Megrez",
      "ra": "12.257086",
      "dec": "57.032617",
      "dist": "24.6853",
      "mag": "3.32",
      "spect": "A3Vvar"
   },
   {
      "id": "59621",
      "hip": "59803",
      "bf": "4Gam Crv",
      "proper": "Gienah Ghurab",
      "ra": "12.263437",
      "dec": "-17.541929",
      "dist": "47.1032",
      "mag": "2.58",
      "spect": "B8III"
   },
   {
      "id": "60530",
      "hip": "60718",
      "bf": "Alp1Cru",
      "proper": "Acrux",
      "ra": "12.443311",
      "dec": "-63.099092",
      "dist": "98.7167",
      "mag": "0.77",
      "spect": "B0.5IV"
   },
   {
      "id": "60731",
      "hip": "60936",
      "bf": null,
      "proper": "3C 273",
      "ra": "12.485193",
      "dec": "2.052398",
      "dist": "100000",
      "mag": "12.88",
      "spect": null
   },
   {
      "id": "60776",
      "hip": "60965",
      "bf": "7Del Crv",
      "proper": "Algorab",
      "ra": "12.497739",
      "dec": "-16.515432",
      "dist": "26.6312",
      "mag": "2.94",
      "spect": "B9.5V"
   },
   {
      "id": "60893",
      "hip": "61084",
      "bf": "Gam Cru",
      "proper": "Gacrux",
      "ra": "12.519429",
      "dec": "-57.113212",
      "dist": "27.1518",
      "mag": "1.59",
      "spect": "M4III"
   },
   {
      "id": "61166",
      "hip": "61359",
      "bf": "9Bet Crv",
      "proper": "Kraz",
      "ra": "12.573121",
      "dec": "-23.396759",
      "dist": "44.6628",
      "mag": "2.65",
      "spect": "G5II"
   },
   {
      "id": "61748",
      "hip": "61941",
      "bf": "29Gam Vir",
      "proper": "Porrima",
      "ra": "12.694345",
      "dec": "-1.449375",
      "dist": "11.685",
      "mag": "2.74",
      "spect": "F0V+..."
   },
   {
      "id": "62239",
      "hip": "62434",
      "bf": "Bet Cru",
      "proper": "Becrux",
      "ra": "12.795359",
      "dec": "-59.688764",
      "dist": "85.3971",
      "mag": "1.25",
      "spect": "B0.5III"
   },
   {
      "id": "62757",
      "hip": "62956",
      "bf": "77Eps UMa",
      "proper": "Alioth",
      "ra": "12.900472",
      "dec": "55.959821",
      "dist": "25.31",
      "mag": "1.76",
      "spect": "A0p"
   },
   {
      "id": "62925",
      "hip": "63125",
      "bf": "12Alp2CVn",
      "proper": "Cor Caroli",
      "ra": "12.933807",
      "dec": "38.31838",
      "dist": "35.1989",
      "mag": "2.89",
      "spect": "A0spe..."
   },
   {
      "id": "63405",
      "hip": "63608",
      "bf": "47Eps Vir",
      "proper": "Vindemiatrix",
      "ra": "13.036278",
      "dec": "10.95915",
      "dist": "33.6022",
      "mag": "2.85",
      "spect": "G8IIIvar"
   },
   {
      "id": "65173",
      "hip": "65378",
      "bf": "79Zet UMa",
      "proper": "Mizar",
      "ra": "13.398747",
      "dec": "54.925362",
      "dist": "26.3089",
      "mag": "2.23",
      "spect": "A2V"
   },
   {
      "id": "65269",
      "hip": "65474",
      "bf": "67Alp Vir",
      "proper": "Spica",
      "ra": "13.419883",
      "dec": "-11.161322",
      "dist": "76.5697",
      "mag": "0.98",
      "spect": "B1V"
   },
   {
      "id": "65272",
      "hip": "65477",
      "bf": "80    UMa",
      "proper": "Alcor",
      "ra": "13.420413",
      "dec": "54.987958",
      "dist": "25.0564",
      "mag": "3.99",
      "spect": "A5V SB"
   },
   {
      "id": "67088",
      "hip": "67301",
      "bf": "85Eta UMa",
      "proper": "Alkaid",
      "ra": "13.792354",
      "dec": "49.313265",
      "dist": "31.8674",
      "mag": "1.85",
      "spect": "B3V SB"
   },
   {
      "id": "67711",
      "hip": "67927",
      "bf": "8Eta Boo",
      "proper": "Mufrid",
      "ra": "13.911411",
      "dec": "18.397717",
      "dist": "11.396",
      "mag": "2.68",
      "spect": "G0IV"
   },
   {
      "id": "68483",
      "hip": "68702",
      "bf": "Bet Cen",
      "proper": "Hadar",
      "ra": "14.063729",
      "dec": "-60.373039",
      "dist": "120.1923",
      "mag": "0.61",
      "spect": "B1III"
   },
   {
      "id": "68537",
      "hip": "68756",
      "bf": "11Alp Dra",
      "proper": "Thuban",
      "ra": "14.073165",
      "dec": "64.37585",
      "dist": "92.9368",
      "mag": "3.67",
      "spect": "A0III SB"
   },
   {
      "id": "68714",
      "hip": "68933",
      "bf": "5The Cen",
      "proper": "Menkent",
      "ra": "14.111395",
      "dec": "-36.369954",
      "dist": "18.0343",
      "mag": "2.06",
      "spect": "K0IIIb"
   },
   {
      "id": "69451",
      "hip": "69673",
      "bf": "16Alp Boo",
      "proper": "Arcturus",
      "ra": "14.26103",
      "dec": "19.18241",
      "dist": "11.2575",
      "mag": "-0.05",
      "spect": "K2IIIp"
   },
   {
      "id": "70666",
      "hip": "70890",
      "bf": null,
      "proper": "Proxima Centauri",
      "ra": "14.495985",
      "dec": "-62.679485",
      "dist": "1.2959",
      "mag": "11.01",
      "spect": "M5Ve"
   },
   {
      "id": "71456",
      "hip": "71683",
      "bf": "Alp1Cen",
      "proper": "Rigil Kentaurus",
      "ra": "14.660765",
      "dec": "-60.833976",
      "dist": "1.3248",
      "mag": "-0.01",
      "spect": "G2V"
   },
   {
      "id": "71879",
      "hip": "72105",
      "bf": "36Eps Boo",
      "proper": "Izar",
      "ra": "14.749784",
      "dec": "27.074222",
      "dist": "62.1118",
      "mag": "2.35",
      "spect": "A0"
   },
   {
      "id": "72380",
      "hip": "72607",
      "bf": "7Bet UMi",
      "proper": "Kochab",
      "ra": "14.845105",
      "dec": "74.155505",
      "dist": "40.1445",
      "mag": "2.07",
      "spect": "K4IIIvar"
   },
   {
      "id": "72396",
      "hip": "72622",
      "bf": "9Alp2Lib",
      "proper": "Zubenelgenubi",
      "ra": "14.847977",
      "dec": "-16.041778",
      "dist": "23.2396",
      "mag": "2.75",
      "spect": "A3IV"
   },
   {
      "id": "74556",
      "hip": "74785",
      "bf": "27Bet Lib",
      "proper": "Zubeneschemali",
      "ra": "15.283449",
      "dec": "-9.382917",
      "dist": "56.7537",
      "mag": "2.61",
      "spect": "B8V"
   },
   {
      "id": "76035",
      "hip": "76267",
      "bf": "5Alp CrB",
      "proper": "Alphekka",
      "ra": "15.578128",
      "dec": "26.714693",
      "dist": "23.0097",
      "mag": "2.22",
      "spect": "A0V"
   },
   {
      "id": "76835",
      "hip": "77070",
      "bf": "24Alp Ser",
      "proper": "Unukalhai",
      "ra": "15.737798",
      "dec": "6.425627",
      "dist": "22.6757",
      "mag": "2.63",
      "spect": "K2III"
   },
   {
      "id": "78165",
      "hip": "78401",
      "bf": "7Del Sco",
      "proper": "Dschubba",
      "ra": "16.005557",
      "dec": "-22.62171",
      "dist": "150.6024",
      "mag": "2.29",
      "spect": "B0.2IV"
   },
   {
      "id": "78580",
      "hip": "78820",
      "bf": "8Bet1Sco",
      "proper": "Graffias",
      "ra": "16.09062",
      "dec": "-19.805453",
      "dist": "123.9157",
      "mag": "2.56",
      "spect": "B0.5V"
   },
   {
      "id": "80519",
      "hip": "80763",
      "bf": "21Alp Sco",
      "proper": "Antares",
      "ra": "16.490128",
      "dec": "-26.432002",
      "dist": "169.7793",
      "mag": "1.06",
      "spect": "M1Ib + B2.5V"
   },
   {
      "id": "80571",
      "hip": "80816",
      "bf": "27Bet Her",
      "proper": "Kornephoros",
      "ra": "16.503668",
      "dec": "21.489613",
      "dist": "42.6621",
      "mag": "2.78",
      "spect": "G8III"
   },
   {
      "id": "82022",
      "hip": "82273",
      "bf": "Alp TrA",
      "proper": "Atria",
      "ra": "16.811077",
      "dec": "-69.027715",
      "dist": "119.7605",
      "mag": "1.91",
      "spect": "K2IIb-IIIa"
   },
   {
      "id": "84086",
      "hip": "84345",
      "bf": "64Alp1Her",
      "proper": "Rasalgethi",
      "ra": "17.244127",
      "dec": "14.390333",
      "dist": "110.2536",
      "mag": "2.78",
      "spect": "M5IIvar"
   },
   {
      "id": "85410",
      "hip": "85670",
      "bf": "23Bet Dra",
      "proper": "Rastaban",
      "ra": "17.507213",
      "dec": "52.301387",
      "dist": "116.5501",
      "mag": "2.79",
      "spect": "G2II"
   },
   {
      "id": "85665",
      "hip": "85927",
      "bf": "35Lam Sco",
      "proper": "Shaula",
      "ra": "17.560145",
      "dec": "-37.103821",
      "dist": "175.1313",
      "mag": "1.62",
      "spect": "B1.5IV+..."
   },
   {
      "id": "85769",
      "hip": "86032",
      "bf": "55Alp Oph",
      "proper": "Rasalhague",
      "ra": "17.582241",
      "dec": "12.560035",
      "dist": "14.8965",
      "mag": "2.08",
      "spect": "A5III"
   },
   {
      "id": "85965",
      "hip": "86228",
      "bf": "The Sco",
      "proper": "Sargas",
      "ra": "17.62198",
      "dec": "-42.997824",
      "dist": "92.081",
      "mag": "1.86",
      "spect": "F1II"
   },
   {
      "id": "86475",
      "hip": "86742",
      "bf": "60Bet Oph",
      "proper": "Cebalrai",
      "ra": "17.724543",
      "dec": "4.567303",
      "dist": "25.0941",
      "mag": "2.76",
      "spect": "K2III"
   },
   {
      "id": "87561",
      "hip": "87833",
      "bf": "33Gam Dra",
      "proper": "Etamin",
      "ra": "17.943437",
      "dec": "51.488895",
      "dist": "47.3037",
      "mag": "2.24",
      "spect": "K5III"
   },
   {
      "id": "87665",
      "hip": "87937",
      "bf": null,
      "proper": "Barnard's Star",
      "ra": "17.963472",
      "dec": "4.693388",
      "dist": "1.8238",
      "mag": "9.54",
      "spect": "sdM4"
   },
   {
      "id": "88361",
      "hip": "88635",
      "bf": "10Gam2Sgr",
      "proper": "Nash",
      "ra": "18.096803",
      "dec": "-30.424091",
      "dist": "29.7",
      "mag": "2.98",
      "spect": "K0III"
   },
   {
      "id": "89653",
      "hip": "89931",
      "bf": "19Del Sgr",
      "proper": "Kaus Meridionalis",
      "ra": "18.3499",
      "dec": "-29.828103",
      "dist": "106.6098",
      "mag": "2.72",
      "spect": "K3III"
   },
   {
      "id": "89906",
      "hip": "90185",
      "bf": "20Eps Sgr",
      "proper": "Kaus Australis",
      "ra": "18.402868",
      "dec": "-34.384616",
      "dist": "43.9367",
      "mag": "1.79",
      "spect": "B9.5III"
   },
   {
      "id": "90217",
      "hip": "90496",
      "bf": "22Lam Sgr",
      "proper": "Kaus Borealis",
      "ra": "18.466179",
      "dec": "-25.4217",
      "dist": "23.9693",
      "mag": "2.82",
      "spect": "K1IIIb"
   },
   {
      "id": "90979",
      "hip": "91262",
      "bf": "3Alp Lyr",
      "proper": "Vega",
      "ra": "18.61564",
      "dec": "38.783692",
      "dist": "7.6787",
      "mag": "0.03",
      "spect": "A0Vvar"
   },
   {
      "id": "92133",
      "hip": "92420",
      "bf": "10Bet Lyr",
      "proper": "Sheliak",
      "ra": "18.834665",
      "dec": "33.362667",
      "dist": "294.9853",
      "mag": "3.52",
      "spect": "A8:V comp SB"
   },
   {
      "id": "92564",
      "hip": "92855",
      "bf": "34Sig Sgr",
      "proper": "Nunki",
      "ra": "18.92109",
      "dec": "-26.296722",
      "dist": "69.8324",
      "mag": "2.05",
      "spect": "B2.5V"
   },
   {
      "id": "93846",
      "hip": "94141",
      "bf": "41Pi  Sgr",
      "proper": "Albaldah",
      "ra": "19.162731",
      "dec": "-21.023615",
      "dist": "156.25",
      "mag": "2.88",
      "spect": "F2II\/III"
   },
   {
      "id": "95648",
      "hip": "95947",
      "bf": "6Bet1Cyg",
      "proper": "Albireo",
      "ra": "19.512023",
      "dec": "27.959681",
      "dist": "133.1558",
      "mag": "3.05",
      "spect": "K3II+..."
   },
   {
      "id": "95992",
      "hip": "96295",
      "bf": null,
      "proper": "Campbell's Hydrogen Star",
      "ra": "19.579231",
      "dec": "30.516371",
      "dist": "100000",
      "mag": "10",
      "spect": "WC..."
   },
   {
      "id": "96970",
      "hip": "97278",
      "bf": "50Gam Aql",
      "proper": "Tarazed",
      "ra": "19.770994",
      "dec": "10.613261",
      "dist": "121.0654",
      "mag": "2.72",
      "spect": "K3II"
   },
   {
      "id": "97338",
      "hip": "97649",
      "bf": "53Alp Aql",
      "proper": "Altair",
      "ra": "19.846388",
      "dec": "8.868322",
      "dist": "5.1295",
      "mag": "0.76",
      "spect": "A7IV-V"
   },
   {
      "id": "97725",
      "hip": "98036",
      "bf": "60Bet Aql",
      "proper": "Alshain",
      "ra": "19.921887",
      "dec": "6.406763",
      "dist": "13.6986",
      "mag": "3.71",
      "spect": "G8IVvar"
   },
   {
      "id": "97987",
      "hip": "98298",
      "bf": null,
      "proper": "Cygnus X-1",
      "ra": "19.972688",
      "dec": "35.201604",
      "dist": "595.2381",
      "mag": "8.84",
      "spect": "B0Ib"
   },
   {
      "id": "100128",
      "hip": "100453",
      "bf": "37Gam Cyg",
      "proper": "Sadr",
      "ra": "20.370473",
      "dec": "40.256679",
      "dist": "561.7978",
      "mag": "2.23",
      "spect": "F8Ib"
   },
   {
      "id": "100425",
      "hip": "100751",
      "bf": "Alp Pav",
      "proper": "Peacock",
      "ra": "20.427459",
      "dec": "-56.73509",
      "dist": "54.8246",
      "mag": "1.94",
      "spect": "B2IV"
   },
   {
      "id": "101767",
      "hip": "102098",
      "bf": "50Alp Cyg",
      "proper": "Deneb",
      "ra": "20.690532",
      "dec": "45.280338",
      "dist": "432.9004",
      "mag": "1.25",
      "spect": "A2Ia"
   },
   {
      "id": "102157",
      "hip": "102488",
      "bf": "53Eps Cyg",
      "proper": "Gienah",
      "ra": "20.770178",
      "dec": "33.970256",
      "dist": "22.2916",
      "mag": "2.48",
      "spect": "K0III"
   },
   {
      "id": "104751",
      "hip": "105090",
      "bf": null,
      "proper": "Lacaille 8760",
      "ra": "21.287725",
      "dec": "-38.867362",
      "dist": "3.9462",
      "mag": "6.69",
      "spect": "M1\/M2V"
   },
   {
      "id": "104861",
      "hip": "105199",
      "bf": "5Alp Cep",
      "proper": "Alderamin",
      "ra": "21.30963",
      "dec": "62.585573",
      "dist": "15.0376",
      "mag": "2.45",
      "spect": "A7IV-V"
   },
   {
      "id": "105936",
      "hip": "106278",
      "bf": "22Bet Aqr",
      "proper": "Sadalsuud",
      "ra": "21.525982",
      "dec": "-5.571172",
      "dist": "164.7446",
      "mag": "2.9",
      "spect": "G0Ib"
   },
   {
      "id": "106972",
      "hip": "107315",
      "bf": "8Eps Peg",
      "proper": "Enif",
      "ra": "21.736433",
      "dec": "9.875011",
      "dist": "211.4165",
      "mag": "2.38",
      "spect": "K2Ibvar"
   },
   {
      "id": "108728",
      "hip": "109074",
      "bf": "34Alp Aqr",
      "proper": "Sadalmelik",
      "ra": "22.096399",
      "dec": "-0.319851",
      "dist": "160.5136",
      "mag": "2.95",
      "spect": "G2Ib"
   },
   {
      "id": "108922",
      "hip": "109268",
      "bf": "Alp Gru",
      "proper": "Alnair",
      "ra": "22.137209",
      "dec": "-46.960975",
      "dist": "30.9693",
      "mag": "1.73",
      "spect": "B7IV"
   },
   {
      "id": "110547",
      "hip": "110893",
      "bf": null,
      "proper": "Kruger 60",
      "ra": "22.466642",
      "dec": "57.695875",
      "dist": "4.001",
      "mag": "9.59",
      "spect": "M2V"
   },
   {
      "id": "111804",
      "hip": "112158",
      "bf": "44Eta Peg",
      "proper": "Matar",
      "ra": "22.716704",
      "dec": "30.221245",
      "dist": "65.703",
      "mag": "2.93",
      "spect": "G2II-III.."
   },
   {
      "id": "111893",
      "hip": "112247",
      "bf": null,
      "proper": "Babcock's star",
      "ra": "22.735418",
      "dec": "55.589226",
      "dist": "100000",
      "mag": "8.83",
      "spect": "A0p"
   },
   {
      "id": "113008",
      "hip": "113368",
      "bf": "24Alp PsA",
      "proper": "Fomalhaut",
      "ra": "22.960838",
      "dec": "-29.622236",
      "dist": "7.7036",
      "mag": "1.17",
      "spect": "A3V"
   },
   {
      "id": "113521",
      "hip": "113881",
      "bf": "53Bet Peg",
      "proper": "Scheat",
      "ra": "23.062901",
      "dec": "28.082789",
      "dist": "60.0962",
      "mag": "2.44",
      "spect": "M2II-IIIvar"
   },
   {
      "id": "113603",
      "hip": "113963",
      "bf": "54Alp Peg",
      "proper": "Markab",
      "ra": "23.079348",
      "dec": "15.205264",
      "dist": "40.8831",
      "mag": "2.49",
      "spect": "B9.5III"
   },
   {
      "id": "113687",
      "hip": "114046",
      "bf": null,
      "proper": "Lacaille 9352",
      "ra": "23.097531",
      "dec": "-35.853073",
      "dist": "3.2759",
      "mag": "7.35",
      "spect": "M2\/M3V"
   },
   {
      "id": "118084",
      "hip": "7751",
      "bf": null,
      "proper": "p Eridani",
      "ra": "1.663003",
      "dec": "-56.19462",
      "dist": "8.1466",
      "mag": "5.8",
      "spect": "K2 V"
   }
]